benchmark,topology,pinning,ht,allocator,instance_id,interop_threads,intraop_threads,batch_size,latency(min),latency(avg),latency(max),flops
bert_manual_script,sequential,numactl,false,default,1,1,1,1,133.48352897446603,134.05427038727794,138.8408589991741,0.0
bert_manual_script,sequential,numactl,false,default,1,1,2,1,76.65875600650907,76.8713381967973,80.72943001752719,0.0
bert_manual_script,sequential,numactl,false,default,1,1,3,1,47.25401598261669,47.48472812585533,50.033311010338366,0.0
bert_manual_script,sequential,numactl,false,default,1,1,4,1,37.39061701344326,37.54861057677772,39.698170963674784,0.0
bert_manual_script,sequential,numactl,false,default,1,1,5,1,32.239157997537404,32.404355416074395,34.5988729968667,0.0
bert_manual_script,sequential,numactl,false,default,1,1,6,1,27.662917971611023,27.835328302462585,30.11093003442511,0.0
bert_manual_script,sequential,numactl,false,default,1,1,7,1,25.285755982622504,25.412080149399117,27.6675809873268,0.0
bert_manual_script,sequential,numactl,false,default,1,1,8,1,23.416008974891156,23.77136533090379,26.14422596525401,0.0
bert_manual_script,sequential,numactl,false,default,1,1,9,1,24.537727003917098,24.660580720519647,27.078026963863522,0.0
bert_manual_script,sequential,numactl,false,default,1,1,10,1,21.674500952940434,21.818763439077884,24.341555952560157,0.0
bert_manual_script,sequential,numactl,false,default,1,1,11,1,21.37829299317673,21.508748593041673,24.109435034915805,0.0
bert_manual_script,sequential,numactl,false,default,1,1,12,1,21.27779700094834,21.41188369190786,24.76592705352232,0.0
bert_manual_script,sequential,numactl,false,default,1,1,13,1,20.5817130045034,20.74293365876656,23.433096008375287,0.0
bert_manual_script,sequential,numactl,false,default,1,1,14,1,21.051944990176708,21.237005452858284,24.74592300131917,0.0
bert_manual_script,sequential,numactl,false,default,1,1,15,1,20.647366007324308,20.810146708972752,24.31648102356121,0.0
bert_manual_script,sequential,numactl,false,default,1,1,16,1,21.12096600467339,21.39936643827241,28.269861009903252,0.0
bert_manual_script,sequential,numactl,false,default,1,1,1,2,156.1028480064124,157.1646708069602,169.23197702271864,0.0
bert_manual_script,sequential,numactl,false,default,1,1,2,2,89.10717599792406,89.49086868728045,98.40685699600726,0.0
bert_manual_script,sequential,numactl,false,default,1,1,3,2,55.36718497751281,55.801355747971684,63.29766398994252,0.0
bert_manual_script,sequential,numactl,false,default,1,1,4,2,44.33000198332593,44.668808982823975,51.66231602197513,0.0
bert_manual_script,sequential,numactl,false,default,1,1,5,2,38.3179199998267,38.72867104539182,46.01687198737636,0.0
bert_manual_script,sequential,numactl,false,default,1,1,6,2,32.803680980578065,33.178816263680346,40.05270003108308,0.0
bert_manual_script,sequential,numactl,false,default,1,1,7,2,30.32388904830441,30.70341387472581,37.36885101534426,0.0
bert_manual_script,sequential,numactl,false,default,1,1,8,2,28.089747997000813,28.41566814982798,34.98679003678262,0.0
bert_manual_script,sequential,numactl,false,default,1,1,9,2,29.100910003762692,29.343238550936803,36.775918037164956,0.0
bert_manual_script,sequential,numactl,false,default,1,1,10,2,26.01193595910445,26.37656486709602,33.653785998467356,0.0
bert_manual_script,sequential,numactl,false,default,1,1,11,2,25.549400015734136,25.8777226699749,33.017342968378216,0.0
bert_manual_script,sequential,numactl,false,default,1,1,12,2,25.533678999636322,25.99407574045472,33.82961900206283,0.0
bert_manual_script,sequential,numactl,false,default,1,1,13,2,25.157517986372113,25.435127450618893,33.234771981369704,0.0
bert_manual_script,sequential,numactl,false,default,1,1,14,2,25.23505501449108,25.499284780817106,33.8692840305157,0.0
bert_manual_script,sequential,numactl,false,default,1,1,15,2,24.71048099687323,25.13337542070076,33.68193801725283,0.0
bert_manual_script,sequential,numactl,false,default,1,1,16,2,25.24547796929255,25.67251419299282,34.26164900884032,0.0
bert_manual_script,sequential,numactl,false,default,1,1,1,4,199.86964197596535,202.43360645195935,224.41678901668638,0.0
bert_manual_script,sequential,numactl,false,default,1,1,2,4,110.77185301110148,111.38078458141536,123.5859000007622,0.0
bert_manual_script,sequential,numactl,false,default,1,1,3,4,69.66737104812637,70.62670437968336,81.24449104070663,0.0
bert_manual_script,sequential,numactl,false,default,1,1,4,4,55.03250000765547,55.71592288906686,65.67007798003033,0.0
bert_manual_script,sequential,numactl,false,default,1,1,5,4,47.63782903319225,48.14388176018838,57.76475399034098,0.0
bert_manual_script,sequential,numactl,false,default,1,1,6,4,40.2651890181005,40.84449056535959,49.875155033078045,0.0
bert_manual_script,sequential,numactl,false,default,1,1,7,4,37.40926994942129,38.03758190944791,46.546540048439056,0.0
bert_manual_script,sequential,numactl,false,default,1,1,8,4,34.16955698048696,34.726097597158514,43.219892017077655,0.0
bert_manual_script,sequential,numactl,false,default,1,1,9,4,34.8256109864451,35.34272274468094,44.50118000386283,0.0
bert_manual_script,sequential,numactl,false,default,1,1,10,4,31.404355017002672,31.96995989943389,41.07593698427081,0.0
bert_manual_script,sequential,numactl,false,default,1,1,11,4,30.867598950862885,31.524549906607717,40.362320956774056,0.0
bert_manual_script,sequential,numactl,false,default,1,1,12,4,30.762923997826874,31.22437578625977,40.28888401808217,0.0
bert_manual_script,sequential,numactl,false,default,1,1,13,4,29.737267992459238,30.310626467689872,39.864757971372455,0.0
bert_manual_script,sequential,numactl,false,default,1,1,14,4,29.939569009002298,30.532198120490648,40.315083984751254,0.0
bert_manual_script,sequential,numactl,false,default,1,1,15,4,29.8875939915888,30.818747131852433,40.35414999816567,0.0
bert_manual_script,sequential,numactl,false,default,1,1,16,4,29.7747669974342,30.398004753515124,39.91534502711147,0.0
bert_manual_script,sequential,numactl,false,default,1,1,1,8,283.7330930051394,288.59785790147725,329.5318160089664,0.0
bert_manual_script,sequential,numactl,false,default,1,1,2,8,151.2912770267576,152.92876946507022,176.2934490107,0.0
bert_manual_script,sequential,numactl,false,default,1,1,3,8,155.02008196199313,157.01971503789537,175.23406603140756,0.0
bert_manual_script,sequential,numactl,false,default,1,1,4,8,85.24831396061927,86.48376800992992,101.43067501485348,0.0
bert_manual_script,sequential,numactl,false,default,1,1,5,8,113.92279400024563,116.28923260373995,129.76005300879478,0.0
bert_manual_script,sequential,numactl,false,default,1,1,6,8,61.63083802675828,63.40048470709007,77.19973096391186,0.0
bert_manual_script,sequential,numactl,false,default,1,1,7,8,100.33461800776422,102.74236242868938,114.58590702386573,0.0
bert_manual_script,sequential,numactl,false,default,1,1,8,8,50.89282401604578,52.56648530368693,63.301615009550005,0.0
bert_manual_script,sequential,numactl,false,default,1,1,9,8,96.38401202391833,98.31927195249591,111.9835990248248,0.0
bert_manual_script,sequential,numactl,false,default,1,1,10,8,46.64825997315347,47.48081371944863,60.212854004930705,0.0
bert_manual_script,sequential,numactl,false,default,1,1,11,8,90.60099202906713,92.7595644001849,105.51744903204963,0.0
bert_manual_script,sequential,numactl,false,default,1,1,12,8,44.61908899247646,45.95435213879682,57.53694899613038,0.0
bert_manual_script,sequential,numactl,false,default,1,1,13,8,90.24275897536427,92.35298969841097,105.96426803385839,0.0
bert_manual_script,sequential,numactl,false,default,1,1,14,8,43.02232799818739,44.05275371216703,56.72692001098767,0.0
bert_manual_script,sequential,numactl,false,default,1,1,15,8,89.66663002502173,91.393214482232,103.27216796576977,0.0
bert_manual_script,sequential,numactl,false,default,1,1,16,8,42.22581803333014,43.58577692939434,55.95962703227997,0.0
bert_manual_script,sequential,numactl,false,default,1,1,1,16,447.1279709832743,453.55994794983417,533.9168430073187,0.0
bert_manual_script,sequential,numactl,false,default,1,1,2,16,241.50130298221484,245.54929206846282,300.8891470381059,0.0
bert_manual_script,sequential,numactl,false,default,1,1,3,16,219.79912498500198,223.2931926631136,255.1177500281483,0.0
bert_manual_script,sequential,numactl,false,default,1,1,4,16,128.8279889849946,131.4504056010628,156.58721199724823,0.0
bert_manual_script,sequential,numactl,false,default,1,1,5,16,162.39938902435824,164.9911079002777,189.84794104471803,0.0
bert_manual_script,sequential,numactl,false,default,1,1,6,16,98.60853699501604,99.9355720798485,118.99802699917927,0.0
bert_manual_script,sequential,numactl,false,default,1,1,7,16,137.58544600568712,140.29878262954298,157.96484798192978,0.0
bert_manual_script,sequential,numactl,false,default,1,1,8,16,78.93109798897058,81.6925966902636,97.30727603891864,0.0
bert_manual_script,sequential,numactl,false,default,1,1,9,16,130.92272100038826,134.06724829925224,150.84656001999974,0.0
bert_manual_script,sequential,numactl,false,default,1,1,10,16,67.56406102795154,70.07692114217207,85.31579095870256,0.0
bert_manual_script,sequential,numactl,false,default,1,1,11,16,108.49917697487399,111.4974422159139,127.48614902375266,0.0
bert_manual_script,sequential,numactl,false,default,1,1,12,16,61.74420000752434,65.19414927344769,82.60807895567268,0.0
bert_manual_script,sequential,numactl,false,default,1,1,13,16,106.4760489971377,109.27570924977772,125.6821560091339,0.0
bert_manual_script,sequential,numactl,false,default,1,1,14,16,61.38223299058154,63.822272979887195,85.4019409744069,0.0
bert_manual_script,sequential,numactl,false,default,1,1,15,16,104.82819698518142,107.44194518192671,123.31784999696538,0.0
bert_manual_script,sequential,numactl,false,default,1,1,16,16,57.9711040481925,59.481296569574624,75.23233100073412,0.0
bert_manual_script,sequential,numactl,false,default,1,1,1,32,785.3102830122225,808.5004195314832,980.9486329904757,0.0
bert_manual_script,sequential,numactl,false,default,1,1,2,32,409.34774500783533,417.153639747994,508.4845909732394,0.0
bert_manual_script,sequential,numactl,false,default,1,1,3,32,319.21716703800485,324.71320655196905,398.1033700401895,0.0
bert_manual_script,sequential,numactl,false,default,1,1,4,32,230.09819799335673,233.26483480224852,283.3668920211494,0.0
bert_manual_script,sequential,numactl,false,default,1,1,5,32,236.49721703259274,241.7942634690553,281.792187015526,0.0
bert_manual_script,sequential,numactl,false,default,1,1,6,32,174.57965400535613,178.44399392837659,215.28042695717886,0.0
bert_manual_script,sequential,numactl,false,default,1,1,7,32,196.3502499856986,200.63294370018411,235.32030096976086,0.0
bert_manual_script,sequential,numactl,false,default,1,1,8,32,142.93934201123193,145.4769537318498,176.97085003601387,0.0
bert_manual_script,sequential,numactl,false,default,1,1,9,32,174.5627499767579,179.63134696998168,216.38375602196902,0.0
bert_manual_script,sequential,numactl,false,default,1,1,10,32,134.92706400575116,138.51452118135057,167.81859198817983,0.0
bert_manual_script,sequential,numactl,false,default,1,1,11,32,160.69839400006458,164.5455816987669,195.72058896301314,0.0
bert_manual_script,sequential,numactl,false,default,1,1,12,32,119.55852899700403,123.64562274946366,153.27967499615625,0.0
bert_manual_script,sequential,numactl,false,default,1,1,13,32,154.95362697402015,158.75225415162276,189.20367897953838,0.0
bert_manual_script,sequential,numactl,false,default,1,1,14,32,120.16779597615823,123.35247060924303,151.6791309695691,0.0
bert_manual_script,sequential,numactl,false,default,1,1,15,32,149.23184498911723,152.35448641469702,180.26403698604554,0.0
bert_manual_script,sequential,numactl,false,default,1,1,16,32,110.61299598077312,113.79529168072622,141.32740604691207,0.0
bert_manual_script,sequential,numactl,false,default,1,1,1,64,1465.5461619840935,1528.5305380943464,1854.0293169789948,0.0
bert_manual_script,sequential,numactl,false,default,1,1,2,64,750.3797859535553,773.4239251317922,946.6758249909617,0.0
bert_manual_script,sequential,numactl,false,default,1,1,3,64,539.2387629835866,555.3533263684949,664.8007130133919,0.0
bert_manual_script,sequential,numactl,false,default,1,1,4,64,402.7471820008941,413.9324975834461,509.58952301880345,0.0
bert_manual_script,sequential,numactl,false,default,1,1,5,64,356.6141480114311,367.7082335605519,442.8753569955006,0.0
bert_manual_script,sequential,numactl,false,default,1,1,6,64,290.14551400905475,295.10589513229206,355.67175899632275,0.0
bert_manual_script,sequential,numactl,false,default,1,1,7,64,287.1267520240508,290.8025979885133,353.0886980006471,0.0
bert_manual_script,sequential,numactl,false,default,1,1,8,64,233.6570500046946,242.40005575004034,288.21300400886685,0.0
bert_manual_script,sequential,numactl,false,default,1,1,9,64,260.83913003094494,268.36357437307015,322.6529919775203,0.0
bert_manual_script,sequential,numactl,false,default,1,1,10,64,212.73944905260578,217.95217197446618,258.3404469769448,0.0
bert_manual_script,sequential,numactl,false,default,1,1,11,64,240.28100399300456,248.83716712123714,292.19578398624435,0.0
bert_manual_script,sequential,numactl,false,default,1,1,12,64,190.98092697095126,196.56973353005014,233.7033079820685,0.0
bert_manual_script,sequential,numactl,false,default,1,1,13,64,231.80423298617825,238.6222261597868,280.0988960079849,0.0
bert_manual_script,sequential,numactl,false,default,1,1,14,64,184.89595397841185,190.74427697749343,240.09279400343075,0.0
bert_manual_script,sequential,numactl,false,default,1,1,15,64,211.45678602624685,216.44380751880817,255.09457499720156,0.0
bert_manual_script,sequential,numactl,false,default,1,1,16,64,167.364017048385,173.3354790561134,224.66548305237666,0.0
bert_manual_script,sequential,numactl,false,default,1,1,1,128,2803.1521070515737,2906.042218480725,3564.0621180064045,0.0
bert_manual_script,sequential,numactl,false,default,1,1,2,128,1444.3310940405354,1490.8185044815764,1838.2006109459326,0.0
bert_manual_script,sequential,numactl,false,default,1,1,3,128,998.6924629774876,1016.7751539184246,1237.342501990497,0.0
bert_manual_script,sequential,numactl,false,default,1,1,4,128,752.885861962568,778.1103958486347,929.1977089596912,0.0
bert_manual_script,sequential,numactl,false,default,1,1,5,128,651.1772020021453,659.8848402156727,813.7003660085611,0.0
bert_manual_script,sequential,numactl,false,default,1,1,6,128,547.138855967205,562.3548051086254,689.196343999356,0.0
bert_manual_script,sequential,numactl,false,default,1,1,7,128,485.2740269852802,498.7156272516586,678.4298119600862,0.0
bert_manual_script,sequential,numactl,false,default,1,1,8,128,437.95658799353987,447.6159110601293,553.3441540319473,0.0
bert_manual_script,sequential,numactl,false,default,1,1,9,128,424.06994302291423,432.5676600931911,531.141531013418,0.0
bert_manual_script,sequential,numactl,false,default,1,1,10,128,399.54960194882005,404.1200609115185,487.19046998303384,0.0
bert_manual_script,sequential,numactl,false,default,1,1,11,128,377.4665140081197,387.2104034462245,462.3617380275391,0.0
bert_manual_script,sequential,numactl,false,default,1,1,12,128,333.2012169994414,343.7302322522737,415.3171710204333,0.0
bert_manual_script,sequential,numactl,false,default,1,1,13,128,356.02917399955913,365.45374270761386,430.94296200433746,0.0
bert_manual_script,sequential,numactl,false,default,1,1,14,128,315.6381680164486,327.25280646176543,398.56557705206797,0.0
bert_manual_script,sequential,numactl,false,default,1,1,15,128,330.8699990157038,344.6607876988128,424.3752210168168,0.0
bert_manual_script,sequential,numactl,false,default,1,1,16,128,287.9389629815705,301.56668414070737,370.05468999268487,0.0
bert_manual_script,sequential,numactl,false,default,1,1,1,256,5507.639469986316,5724.073812242132,6647.806288965512,0.0
bert_manual_script,sequential,numactl,false,default,1,1,2,256,2840.3569430229254,2900.7837498327717,3478.366252966225,0.0
bert_manual_script,sequential,numactl,false,default,1,1,3,256,1904.9079800024629,1944.0798193070805,2485.3262759861536,0.0
bert_manual_script,sequential,numactl,false,default,1,1,4,256,1461.1775130033493,1504.0286017075414,1806.4374550012872,0.0
bert_manual_script,sequential,numactl,false,default,1,1,5,256,1210.1281940122135,1245.7125062815612,1536.8100900086574,0.0
bert_manual_script,sequential,numactl,false,default,1,1,6,256,1021.7779999948107,1049.2267984879436,1340.9927309839986,0.0
bert_manual_script,sequential,numactl,false,default,1,1,7,256,912.5628889887594,927.0110005961033,1192.3308889963664,0.0
bert_manual_script,sequential,numactl,false,default,1,1,8,256,809.8983410163783,848.9673215110088,1057.6547980308533,0.0
bert_manual_script,sequential,numactl,false,default,1,1,9,256,809.9049489828758,827.6315767952474,1035.8303239918314,0.0
bert_manual_script,sequential,numactl,false,default,1,1,10,256,727.9989859671332,758.8471636507893,940.2602560003288,0.0
bert_manual_script,sequential,numactl,false,default,1,1,11,256,674.3280009832233,689.1115096345311,861.8714300100692,0.0
bert_manual_script,sequential,numactl,false,default,1,1,12,256,632.8814150183462,656.4985771983629,834.0673589846119,0.0
bert_manual_script,sequential,numactl,false,default,1,1,13,256,638.5363529552706,659.4372906774515,828.2303970190696,0.0
bert_manual_script,sequential,numactl,false,default,1,1,14,256,606.4269909984432,619.5263868168695,793.8381319982,0.0
bert_manual_script,sequential,numactl,false,default,1,1,15,256,577.6010300032794,608.7441173108527,746.1007359670475,0.0
bert_manual_script,sequential,numactl,false,default,1,1,16,256,550.841071002651,580.1488549413625,734.8173030186445,0.0
bert_manual_script,sequential,numactl,false,default,1,1,1,512,11094.683782954235,11288.79313783662,13888.783951988444,0.0
bert_manual_script,sequential,numactl,false,default,1,1,2,512,5641.198081022594,5766.860709443572,7285.508764034603,0.0
bert_manual_script,sequential,numactl,false,default,1,1,3,512,3716.8999819550663,3844.8953903384972,4868.804179015569,0.0
bert_manual_script,sequential,numactl,false,default,1,1,4,512,2861.836601048708,2932.9932905896567,3748.1700730277225,0.0
bert_manual_script,sequential,numactl,false,default,1,1,5,512,2317.39231699612,2381.8138121266384,3043.4006809955463,0.0
bert_manual_script,sequential,numactl,false,default,1,1,6,512,1986.0916130128317,2042.9845922486859,2613.010236003902,0.0
bert_manual_script,sequential,numactl,false,default,1,1,7,512,1744.4467070163228,1775.0513831479475,2283.73574197758,0.0
bert_manual_script,sequential,numactl,false,default,1,1,8,512,1570.5748540349305,1613.038963440922,2052.9267879901454,0.0
bert_manual_script,sequential,numactl,false,default,1,1,9,512,1506.3973350333981,1552.4949532176834,1948.482317966409,0.0
bert_manual_script,sequential,numactl,false,default,1,1,10,512,1390.0102900224738,1438.1561101204716,1783.3023100392893,0.0
bert_manual_script,sequential,numactl,false,default,1,1,11,512,1295.0039169518277,1321.5912075340748,1668.764786038082,0.0
bert_manual_script,sequential,numactl,false,default,1,1,12,512,1217.0535280019976,1251.7795909958659,1566.9095190241933,0.0
bert_manual_script,sequential,numactl,false,default,1,1,13,512,1221.943732991349,1252.0876172120916,1569.7278309962712,0.0
bert_manual_script,sequential,numactl,false,default,1,1,14,512,1162.6632990082726,1192.343342435197,1494.3130479659885,0.0
bert_manual_script,sequential,numactl,false,default,1,1,15,512,1116.2450409610756,1155.8658368012402,1451.0332409990951,0.0
bert_manual_script,sequential,numactl,false,default,1,1,16,512,1068.2236020220444,1105.326264987234,1387.1281880419701,0.0
bert_manual_script,sequential,numactl,false,default,1,1,1,1024,26547.268615977373,27220.40835083986,28339.961379999295,0.0
bert_manual_script,sequential,numactl,false,default,1,1,2,1024,14070.42433298193,14364.510524901561,14944.37416701112,0.0
bert_manual_script,sequential,numactl,false,default,1,1,3,1024,9562.895604001824,9807.64179668855,10029.964815999847,0.0
bert_manual_script,sequential,numactl,false,default,1,1,4,1024,7491.180318989791,7621.553234508028,7796.829817001708,0.0
bert_manual_script,sequential,numactl,false,default,1,1,5,1024,6023.93599197967,6152.353764579166,6327.602148987353,0.0
bert_manual_script,sequential,numactl,false,default,1,1,6,1024,5216.6828400222585,5312.111578280455,5481.782077986281,0.0
bert_manual_script,sequential,numactl,false,default,1,1,7,1024,4478.222133999225,4617.931244449574,4756.575845996849,0.0
bert_manual_script,sequential,numactl,false,default,1,1,8,1024,3976.0550529463217,4149.163007467287,4342.180776991881,0.0
bert_manual_script,sequential,numactl,false,default,1,1,9,1024,3739.452806999907,3898.307504715631,4099.531384010334,0.0
bert_manual_script,sequential,numactl,false,default,1,1,10,1024,3611.3491450087167,3654.559004230541,3818.2766520185396,0.0
bert_manual_script,sequential,numactl,false,default,1,1,11,1024,3371.295816032216,3468.793712646002,3560.771513963118,0.0
bert_manual_script,sequential,numactl,false,default,1,1,12,1024,3187.206366972532,3240.6020822306164,3345.3143509686925,0.0
bert_manual_script,sequential,numactl,false,default,1,1,13,1024,3139.8925440153107,3218.1275916978484,3327.6764329639263,0.0
bert_manual_script,sequential,numactl,false,default,1,1,14,1024,2847.6004360127263,3031.844382415875,3230.4694530321285,0.0
bert_manual_script,sequential,numactl,false,default,1,1,15,1024,2872.9079799959436,2961.4725454570726,3089.0085130231455,0.0
bert_manual_script,sequential,numactl,false,default,1,1,16,1024,2728.1332499696873,2837.338791353395,2968.9212249941193,0.0
bert_manual_script,sequential,numactl,true,default,1,1,1,1,134.07286099391058,134.58185191149823,139.44798399461433,0.0
bert_manual_script,sequential,numactl,true,default,1,1,2,1,121.73654499929398,122.23904997110367,127.48350203037262,0.0
bert_manual_script,sequential,numactl,true,default,1,1,3,1,126.45307503407821,128.24077565863263,130.75676595326513,0.0
bert_manual_script,sequential,numactl,true,default,1,1,4,1,103.71008299989626,104.71701635106001,107.34667797805741,0.0
bert_manual_script,sequential,numactl,true,default,1,1,5,1,79.88916401518509,81.11986460746266,83.47207098267972,0.0
bert_manual_script,sequential,numactl,true,default,1,1,6,1,68.94415797432885,69.63630296697374,72.57933996152133,0.0
bert_manual_script,sequential,numactl,true,default,1,1,7,1,60.6510000070557,61.155451970989816,64.02173597598448,0.0
bert_manual_script,sequential,numactl,true,default,1,1,8,1,57.17957502929494,57.79447929293383,60.56262704078108,0.0
bert_manual_script,sequential,numactl,true,default,1,1,9,1,56.139563967008144,56.83399749803357,58.9859850006178,0.0
bert_manual_script,sequential,numactl,true,default,1,1,10,1,43.69580501224846,44.11581346183084,47.17908799648285,0.0
bert_manual_script,sequential,numactl,true,default,1,1,11,1,42.777132999617606,43.401136685861275,46.099053986836225,0.0
bert_manual_script,sequential,numactl,true,default,1,1,12,1,41.94178798934445,42.28551115898881,46.09795403666794,0.0
bert_manual_script,sequential,numactl,true,default,1,1,13,1,38.02308102604002,38.3703757514013,41.275241994298995,0.0
bert_manual_script,sequential,numactl,true,default,1,1,14,1,36.44019900821149,36.748082538251765,40.22889299085364,0.0
bert_manual_script,sequential,numactl,true,default,1,1,15,1,35.46726203057915,35.82820543786511,39.324050943832844,0.0
bert_manual_script,sequential,numactl,true,default,1,1,16,1,33.52359699783847,33.98925148998387,37.32712799683213,0.0
bert_manual_script,sequential,numactl,true,default,1,1,17,1,36.36909800115973,36.66715826955624,39.59947096882388,0.0
bert_manual_script,sequential,numactl,true,default,1,1,18,1,32.63884503394365,32.858219527988695,36.79871599888429,0.0
bert_manual_script,sequential,numactl,true,default,1,1,19,1,35.58500501094386,35.857326430268586,38.90747402328998,0.0
bert_manual_script,sequential,numactl,true,default,1,1,20,1,30.77791299438104,31.034879203070886,35.4407430277206,0.0
bert_manual_script,sequential,numactl,true,default,1,1,21,1,30.105265032034367,30.3102118690731,34.375113958958536,0.0
bert_manual_script,sequential,numactl,true,default,1,1,22,1,30.344378028530627,30.77069795166608,34.66209303587675,0.0
bert_manual_script,sequential,numactl,true,default,1,1,23,1,35.06552003091201,35.46232420485467,38.729797990527004,0.0
bert_manual_script,sequential,numactl,true,default,1,1,24,1,27.698691003024578,28.016361559275538,32.50323102110997,0.0
bert_manual_script,sequential,numactl,true,default,1,1,25,1,27.215420035645366,27.469237793702632,31.84511000290513,0.0
bert_manual_script,sequential,numactl,true,default,1,1,26,1,27.840042021125555,28.037903627264313,32.266110996715724,0.0
bert_manual_script,sequential,numactl,true,default,1,1,27,1,29.694095021113753,29.962828368297778,34.17495498433709,0.0
bert_manual_script,sequential,numactl,true,default,1,1,28,1,25.957637990359217,26.12761272233911,30.621339043136686,0.0
bert_manual_script,sequential,numactl,true,default,1,1,29,1,22.93133595958352,23.335994547232985,28.181537054479122,0.0
bert_manual_script,sequential,numactl,true,default,1,1,30,1,26.31138399010524,26.53540956787765,31.33454901399091,0.0
bert_manual_script,sequential,numactl,true,default,1,1,31,1,23.61169399227947,24.342158575891517,28.961133968550712,0.0
bert_manual_script,sequential,numactl,true,default,1,1,32,1,25.243966025300324,25.44211670407094,30.26597498683259,0.0
bert_manual_script,sequential,numactl,true,default,1,1,1,2,154.39065295504406,155.43848834582604,166.71232099179178,0.0
bert_manual_script,sequential,numactl,true,default,1,1,2,2,144.20513500226662,145.13681751152035,158.02410803735256,0.0
bert_manual_script,sequential,numactl,true,default,1,1,3,2,141.26101904548705,143.13882401329465,152.1039759973064,0.0
bert_manual_script,sequential,numactl,true,default,1,1,4,2,112.08883702056482,113.34211345820222,122.45270301355049,0.0
bert_manual_script,sequential,numactl,true,default,1,1,5,2,88.20561197353527,89.6235419891309,97.61321695987135,0.0
bert_manual_script,sequential,numactl,true,default,1,1,6,2,76.84527203673497,77.69173751701601,86.37708297464997,0.0
bert_manual_script,sequential,numactl,true,default,1,1,7,2,68.03248595679179,68.7196293665329,76.56884001335129,0.0
bert_manual_script,sequential,numactl,true,default,1,1,8,2,63.0013250047341,64.71946268808097,73.68592999409884,0.0
bert_manual_script,sequential,numactl,true,default,1,1,9,2,59.33365999953821,60.998064823797904,68.22786602424458,0.0
bert_manual_script,sequential,numactl,true,default,1,1,10,2,49.601308011915535,50.50833713496104,58.82615799782798,0.0
bert_manual_script,sequential,numactl,true,default,1,1,11,2,46.523938013706356,47.46313053066842,54.444491979666054,0.0
bert_manual_script,sequential,numactl,true,default,1,1,12,2,47.019319026730955,47.56481004063971,56.192139047198,0.0
bert_manual_script,sequential,numactl,true,default,1,1,13,2,43.3011389686726,43.75332076800987,51.819460990373045,0.0
bert_manual_script,sequential,numactl,true,default,1,1,14,2,41.0518340067938,41.43278560775798,50.03477795980871,0.0
bert_manual_script,sequential,numactl,true,default,1,1,15,2,40.35770200425759,40.897985888877884,49.84304099343717,0.0
bert_manual_script,sequential,numactl,true,default,1,1,16,2,38.04125601891428,38.738093857537024,47.575181000865996,0.0
bert_manual_script,sequential,numactl,true,default,1,1,17,2,38.68978098034859,39.763894417556,47.957032977137715,0.0
bert_manual_script,sequential,numactl,true,default,1,1,18,2,36.78565000882372,37.16128743428271,46.488630992826074,0.0
bert_manual_script,sequential,numactl,true,default,1,1,19,2,40.37090198835358,41.1445352336159,50.60940398834646,0.0
bert_manual_script,sequential,numactl,true,default,1,1,20,2,35.50466301385313,35.840526673709974,45.09949701605365,0.0
bert_manual_script,sequential,numactl,true,default,1,1,21,2,32.42902300553396,32.89244367915671,41.305814986117184,0.0
bert_manual_script,sequential,numactl,true,default,1,1,22,2,35.4163539595902,35.82459492899943,45.09951901854947,0.0
bert_manual_script,sequential,numactl,true,default,1,1,23,2,39.88046396989375,40.3475995559711,49.13049697643146,0.0
bert_manual_script,sequential,numactl,true,default,1,1,24,2,31.896768952719867,32.33982712670695,41.919233975932,0.0
bert_manual_script,sequential,numactl,true,default,1,1,25,2,29.88912700675428,30.22754479025025,39.05605897307396,0.0
bert_manual_script,sequential,numactl,true,default,1,1,26,2,31.568166974466294,32.08793201018125,41.71447700355202,0.0
bert_manual_script,sequential,numactl,true,default,1,1,27,2,34.06303300289437,34.511866237735376,44.194208981934935,0.0
bert_manual_script,sequential,numactl,true,default,1,1,28,2,30.450599966570735,30.821230874280445,40.490122977644205,0.0
bert_manual_script,sequential,numactl,true,default,1,1,29,2,27.877441025339067,28.546689818031155,37.26353100501001,0.0
bert_manual_script,sequential,numactl,true,default,1,1,30,2,31.286279030609876,31.643871183623556,41.4886359940283,0.0
bert_manual_script,sequential,numactl,true,default,1,1,31,2,28.02127500763163,28.757693010848016,39.01641699485481,0.0
bert_manual_script,sequential,numactl,true,default,1,1,32,2,30.041049991268665,30.404933511745185,40.259968023747206,0.0
bert_manual_script,sequential,numactl,true,default,1,1,1,4,201.64157502586022,203.07880544045474,224.7383749927394,0.0
bert_manual_script,sequential,numactl,true,default,1,1,2,4,188.20340500678867,189.03184620896354,205.61303000431508,0.0
bert_manual_script,sequential,numactl,true,default,1,1,3,4,168.38537697913125,170.49322945065796,183.53148800088093,0.0
bert_manual_script,sequential,numactl,true,default,1,1,4,4,133.2418880192563,134.72976317629218,147.17899000970647,0.0
bert_manual_script,sequential,numactl,true,default,1,1,5,4,109.14859100012109,110.30568843882065,121.23847397742793,0.0
bert_manual_script,sequential,numactl,true,default,1,1,6,4,90.47249698778614,91.1976871592924,102.05706302076578,0.0
bert_manual_script,sequential,numactl,true,default,1,1,7,4,82.31640298618004,83.01896828983445,95.27616901323199,0.0
bert_manual_script,sequential,numactl,true,default,1,1,8,4,73.98509298218414,75.00795289117377,85.60403995215893,0.0
bert_manual_script,sequential,numactl,true,default,1,1,9,4,69.78156499098986,70.88862788688857,81.51488599833101,0.0
bert_manual_script,sequential,numactl,true,default,1,1,10,4,59.597216022666544,60.4713296337286,71.70644501456991,0.0
bert_manual_script,sequential,numactl,true,default,1,1,11,4,58.740197971928865,59.55515415931586,71.08709996100515,0.0
bert_manual_script,sequential,numactl,true,default,1,1,12,4,54.638145957142115,55.41548890003469,65.95230603124946,0.0
bert_manual_script,sequential,numactl,true,default,1,1,13,4,52.6204279740341,53.53221236146055,64.94902301346883,0.0
bert_manual_script,sequential,numactl,true,default,1,1,14,4,48.33565000444651,49.1311117116129,59.119359008036554,0.0
bert_manual_script,sequential,numactl,true,default,1,1,15,4,47.95635800110176,48.84397196932696,59.27718704333529,0.0
bert_manual_script,sequential,numactl,true,default,1,1,16,4,45.50195299088955,46.11758173792623,56.21935799717903,0.0
bert_manual_script,sequential,numactl,true,default,1,1,17,4,47.42855700897053,48.1147424998926,59.050064999610186,0.0
bert_manual_script,sequential,numactl,true,default,1,1,18,4,43.33342600148171,43.84527506947052,54.53113198745996,0.0
bert_manual_script,sequential,numactl,true,default,1,1,19,4,46.22455401113257,47.18867623247206,58.05660400073975,0.0
bert_manual_script,sequential,numactl,true,default,1,1,20,4,41.30844195606187,42.17738976876717,52.587206999305636,0.0
bert_manual_script,sequential,numactl,true,default,1,1,21,4,40.6184250023216,41.446125239599496,52.1402379963547,0.0
bert_manual_script,sequential,numactl,true,default,1,1,22,4,40.15425895340741,40.72624058928341,51.34815798373893,0.0
bert_manual_script,sequential,numactl,true,default,1,1,23,4,46.412563999183476,47.0768617966678,57.52242298331112,0.0
bert_manual_script,sequential,numactl,true,default,1,1,24,4,37.22486499464139,38.10891086119227,49.13747700629756,0.0
bert_manual_script,sequential,numactl,true,default,1,1,25,4,37.41065599024296,38.11630270269234,49.70050003612414,0.0
bert_manual_script,sequential,numactl,true,default,1,1,26,4,38.23988704243675,38.82225288718473,50.53921800572425,0.0
bert_manual_script,sequential,numactl,true,default,1,1,27,4,39.50197796802968,39.89385745022446,51.5700540272519,0.0
bert_manual_script,sequential,numactl,true,default,1,1,28,4,36.00548498798162,36.36127027741168,48.152093950193375,0.0
bert_manual_script,sequential,numactl,true,default,1,1,29,4,32.87866205209866,33.92060695565306,45.41049100225791,0.0
bert_manual_script,sequential,numactl,true,default,1,1,30,4,35.667949996422976,36.44139739975799,47.78212902601808,0.0
bert_manual_script,sequential,numactl,true,default,1,1,31,4,33.1234370241873,33.8725664280355,45.44391197850928,0.0
bert_manual_script,sequential,numactl,true,default,1,1,32,4,34.396259987261146,34.88601905934047,45.74827098986134,0.0
bert_manual_script,sequential,numactl,true,default,1,1,1,8,282.31459099333733,287.0206925267121,328.64202302880585,0.0
bert_manual_script,sequential,numactl,true,default,1,1,2,8,286.000782973133,288.9702352968743,318.4327809722163,0.0
bert_manual_script,sequential,numactl,true,default,1,1,3,8,206.63689798675478,208.76231275498867,231.0236640041694,0.0
bert_manual_script,sequential,numactl,true,default,1,1,4,8,161.87767003430054,163.82356730347965,184.17589203454554,0.0
bert_manual_script,sequential,numactl,true,default,1,1,5,8,151.56749199377373,154.420422600233,172.81530500622466,0.0
bert_manual_script,sequential,numactl,true,default,1,1,6,8,112.62354505015537,113.83416835102253,131.91549701150507,0.0
bert_manual_script,sequential,numactl,true,default,1,1,7,8,120.73438498191535,124.02265510929283,140.63698600511998,0.0
bert_manual_script,sequential,numactl,true,default,1,1,8,8,89.25770700443536,90.34458464884665,105.04628502530977,0.0
bert_manual_script,sequential,numactl,true,default,1,1,9,8,106.25131498090923,108.00845833087806,122.55837704287842,0.0
bert_manual_script,sequential,numactl,true,default,1,1,10,8,74.51080199098215,76.00928530853707,89.72805400844663,0.0
bert_manual_script,sequential,numactl,true,default,1,1,11,8,93.92514999490231,95.89173691056203,109.18778297491372,0.0
bert_manual_script,sequential,numactl,true,default,1,1,12,8,69.95141401421279,71.24098988133483,87.24438195349649,0.0
bert_manual_script,sequential,numactl,true,default,1,1,13,8,88.38573796674609,90.78405495150946,105.20337201887742,0.0
bert_manual_script,sequential,numactl,true,default,1,1,14,8,61.26357102766633,62.482154289027676,76.21393096633255,0.0
bert_manual_script,sequential,numactl,true,default,1,1,15,8,81.47872902918607,83.65792816330213,97.71922696381807,0.0
bert_manual_script,sequential,numactl,true,default,1,1,16,8,56.58338201465085,57.724989833077416,71.57647400163114,0.0
bert_manual_script,sequential,numactl,true,default,1,1,17,8,81.37567201629281,83.5875698790187,102.3737890063785,0.0
bert_manual_script,sequential,numactl,true,default,1,1,18,8,54.79320598533377,55.98300726793241,70.4804239794612,0.0
bert_manual_script,sequential,numactl,true,default,1,1,19,8,78.87753401882946,81.0714576888131,94.42519396543503,0.0
bert_manual_script,sequential,numactl,true,default,1,1,20,8,52.20101698068902,53.68659940024372,67.97919602831826,0.0
bert_manual_script,sequential,numactl,true,default,1,1,21,8,77.88200897630304,79.40454415220302,93.78484101034701,0.0
bert_manual_script,sequential,numactl,true,default,1,1,22,8,54.15000900393352,55.43868973036297,71.84253900777549,0.0
bert_manual_script,sequential,numactl,true,default,1,1,23,8,74.52719798311591,76.07304789707996,90.92165698530152,0.0
bert_manual_script,sequential,numactl,true,default,1,1,24,8,46.936537022702396,48.69530698808376,63.10615595430136,0.0
bert_manual_script,sequential,numactl,true,default,1,1,25,8,76.06100203702226,77.5792806915706,93.56868598842993,0.0
bert_manual_script,sequential,numactl,true,default,1,1,26,8,52.96001298120245,53.89107376046013,69.7757059824653,0.0
bert_manual_script,sequential,numactl,true,default,1,1,27,8,75.52795298397541,77.3612799908733,92.21702895592898,0.0
bert_manual_script,sequential,numactl,true,default,1,1,28,8,46.03372199926525,47.596991913742386,62.58539296686649,0.0
bert_manual_script,sequential,numactl,true,default,1,1,29,8,76.39492797898129,77.65642828831915,93.56618201127276,0.0
bert_manual_script,sequential,numactl,true,default,1,1,30,8,46.105185989290476,47.489748678635806,62.93541000923142,0.0
bert_manual_script,sequential,numactl,true,default,1,1,31,8,78.8041700143367,80.01916485256515,95.69324302719906,0.0
bert_manual_script,sequential,numactl,true,default,1,1,32,8,45.15957803232595,46.1664112174185,61.634265002794564,0.0
bert_manual_script,sequential,numactl,true,default,1,1,1,16,445.1042349683121,453.75724582350813,535.0300620193593,0.0
bert_manual_script,sequential,numactl,true,default,1,1,2,16,459.83651001006365,466.5761366218794,525.2145350095816,0.0
bert_manual_script,sequential,numactl,true,default,1,1,3,16,296.52129695750773,301.1110892734723,341.19004098465666,0.0
bert_manual_script,sequential,numactl,true,default,1,1,4,16,236.08898901147768,239.29088366159704,273.146879975684,0.0
bert_manual_script,sequential,numactl,true,default,1,1,5,16,216.56833996530622,218.895480739302,248.07553202845156,0.0
bert_manual_script,sequential,numactl,true,default,1,1,6,16,184.63360995519906,187.87196745863184,212.5501520349644,0.0
bert_manual_script,sequential,numactl,true,default,1,1,7,16,173.44524699728936,176.35439262841828,198.96511902334169,0.0
bert_manual_script,sequential,numactl,true,default,1,1,8,16,139.7432759986259,145.14357532782014,166.94675700273365,0.0
bert_manual_script,sequential,numactl,true,default,1,1,9,16,151.0777850053273,154.2619083757745,174.7260779957287,0.0
bert_manual_script,sequential,numactl,true,default,1,1,10,16,110.79487996175885,112.76507777627558,143.70481303194538,0.0
bert_manual_script,sequential,numactl,true,default,1,1,11,16,124.15442301426083,126.54683668108191,147.51910499762744,0.0
bert_manual_script,sequential,numactl,true,default,1,1,12,16,99.57427403423935,103.38952081103344,123.6198500264436,0.0
bert_manual_script,sequential,numactl,true,default,1,1,13,16,112.3018569778651,114.87365820037667,135.19142102450132,0.0
bert_manual_script,sequential,numactl,true,default,1,1,14,16,90.2879589702934,93.3257857488934,112.43648000527173,0.0
bert_manual_script,sequential,numactl,true,default,1,1,15,16,108.23718301253393,111.08850632735994,130.65713102696463,0.0
bert_manual_script,sequential,numactl,true,default,1,1,16,16,83.81731598637998,88.03947123989929,110.67248100880533,0.0
bert_manual_script,sequential,numactl,true,default,1,1,17,16,103.34026505006477,105.37738797545899,123.25393001083285,0.0
bert_manual_script,sequential,numactl,true,default,1,1,18,16,84.07811698270962,86.2833997712005,106.95052403025329,0.0
bert_manual_script,sequential,numactl,true,default,1,1,19,16,99.92248599883169,102.72928264923394,121.5912860352546,0.0
bert_manual_script,sequential,numactl,true,default,1,1,20,16,75.76250599231571,78.70523562247399,93.46175700193271,0.0
bert_manual_script,sequential,numactl,true,default,1,1,21,16,92.85127301700413,94.94927317951806,113.68149402551353,0.0
bert_manual_script,sequential,numactl,true,default,1,1,22,16,81.40922500751913,83.63765387854073,103.14005496911705,0.0
bert_manual_script,sequential,numactl,true,default,1,1,23,16,92.25572901777923,94.79073805385269,114.71327196341008,0.0
bert_manual_script,sequential,numactl,true,default,1,1,24,16,69.43038495955989,73.61989441793412,91.20625298237428,0.0
bert_manual_script,sequential,numactl,true,default,1,1,25,16,92.45001000817865,94.7905204485869,115.03711598925292,0.0
bert_manual_script,sequential,numactl,true,default,1,1,26,16,81.46409399341792,83.49640123487916,99.74355396116152,0.0
bert_manual_script,sequential,numactl,true,default,1,1,27,16,88.24010199168697,89.97174010262825,109.34624704532325,0.0
bert_manual_script,sequential,numactl,true,default,1,1,28,16,70.53164095850661,73.76467703899834,92.35021698987111,0.0
bert_manual_script,sequential,numactl,true,default,1,1,29,16,89.28687399020419,91.02052239817567,111.32999195251614,0.0
bert_manual_script,sequential,numactl,true,default,1,1,30,16,70.30344899976626,73.94794343214016,93.69112399872392,0.0
bert_manual_script,sequential,numactl,true,default,1,1,31,16,89.98162503121421,93.0624147731578,111.84325499925762,0.0
bert_manual_script,sequential,numactl,true,default,1,1,32,16,66.41678098822013,68.37891999981366,88.13852100865915,0.0
bert_manual_script,sequential,numactl,true,default,1,1,1,32,785.1683899643831,812.7442608581623,980.9493369539268,0.0
bert_manual_script,sequential,numactl,true,default,1,1,2,32,799.7743819723837,812.0005332730943,931.9987110211514,0.0
bert_manual_script,sequential,numactl,true,default,1,1,3,32,531.5819989773445,539.0903858363163,624.1238139919005,0.0
bert_manual_script,sequential,numactl,true,default,1,1,4,32,424.48439495638013,431.6625072219176,496.08962901402265,0.0
bert_manual_script,sequential,numactl,true,default,1,1,5,32,332.61212200159207,340.8260360744316,394.8159759747796,0.0
bert_manual_script,sequential,numactl,true,default,1,1,6,32,300.7477570208721,304.7653022722807,354.57118100021034,0.0
bert_manual_script,sequential,numactl,true,default,1,1,7,32,264.2853239667602,269.11172667867504,310.3822349803522,0.0
bert_manual_script,sequential,numactl,true,default,1,1,8,32,238.65776101592928,242.14913417992648,281.6417700378224,0.0
bert_manual_script,sequential,numactl,true,default,1,1,9,32,220.33678996376693,224.5813086075941,260.0324389641173,0.0
bert_manual_script,sequential,numactl,true,default,1,1,10,32,205.60768502764404,209.24555785255507,242.21040698466823,0.0
bert_manual_script,sequential,numactl,true,default,1,1,11,32,199.1529960068874,203.23964007315226,233.84629300562665,0.0
bert_manual_script,sequential,numactl,true,default,1,1,12,32,182.98183503793553,185.5070558132138,217.08445204421878,0.0
bert_manual_script,sequential,numactl,true,default,1,1,13,32,177.4435379775241,181.34533615841065,212.84865704365075,0.0
bert_manual_script,sequential,numactl,true,default,1,1,14,32,161.4483220037073,166.5878397168126,192.8882270003669,0.0
bert_manual_script,sequential,numactl,true,default,1,1,15,32,165.86945997551084,169.8348112142412,199.820848996751,0.0
bert_manual_script,sequential,numactl,true,default,1,1,16,32,180.85248296847567,184.5656733890064,216.20627702213824,0.0
bert_manual_script,sequential,numactl,true,default,1,1,17,32,169.55196298658848,172.13514967355877,202.93376600602642,0.0
bert_manual_script,sequential,numactl,true,default,1,1,18,32,154.40234501147643,157.81636470986996,185.8335669967346,0.0
bert_manual_script,sequential,numactl,true,default,1,1,19,32,139.48854699265212,142.56625923735555,172.38966200966388,0.0
bert_manual_script,sequential,numactl,true,default,1,1,20,32,137.76604301529005,142.44014881143812,170.12397397775203,0.0
bert_manual_script,sequential,numactl,true,default,1,1,21,32,128.0218129977584,132.98964647110552,158.37754600215703,0.0
bert_manual_script,sequential,numactl,true,default,1,1,22,32,129.47128800442442,133.57225322106387,161.00169502897188,0.0
bert_manual_script,sequential,numactl,true,default,1,1,23,32,130.2688600262627,132.5832941790577,162.95004496350884,0.0
bert_manual_script,sequential,numactl,true,default,1,1,24,32,120.64696400193498,123.83240956871305,154.32287199655548,0.0
bert_manual_script,sequential,numactl,true,default,1,1,25,32,130.09825797053054,132.54661405982915,164.40470895031467,0.0
bert_manual_script,sequential,numactl,true,default,1,1,26,32,121.93950399523601,124.3772702087881,157.3670390062034,0.0
bert_manual_script,sequential,numactl,true,default,1,1,27,32,126.75651197787374,128.49845220858697,160.32789798919111,0.0
bert_manual_script,sequential,numactl,true,default,1,1,28,32,114.26508298609406,116.89064491016325,147.52660604426637,0.0
bert_manual_script,sequential,numactl,true,default,1,1,29,32,115.77146395575255,118.60529131256044,151.02429600665346,0.0
bert_manual_script,sequential,numactl,true,default,1,1,30,32,110.6924699852243,114.6485066099558,145.97620902350172,0.0
bert_manual_script,sequential,numactl,true,default,1,1,31,32,117.31895600678399,120.7579962874297,144.04593099607155,0.0
bert_manual_script,sequential,numactl,true,default,1,1,32,32,109.28081697784364,112.38135012041312,157.54121501231566,0.0
bert_manual_script,sequential,numactl,true,default,1,1,1,64,1455.808861006517,1514.3742015212774,1869.1564130131155,0.0
bert_manual_script,sequential,numactl,true,default,1,1,2,64,1464.2629190348089,1500.8204582281178,1720.39978497196,0.0
bert_manual_script,sequential,numactl,true,default,1,1,3,64,976.7027989728376,993.5433726280462,1159.8483379930258,0.0
bert_manual_script,sequential,numactl,true,default,1,1,4,64,749.7001070296392,764.0727183211129,893.3206310030073,0.0
bert_manual_script,sequential,numactl,true,default,1,1,5,64,595.949319016654,606.9072351255454,713.5442310245708,0.0
bert_manual_script,sequential,numactl,true,default,1,1,6,64,525.0930720358156,535.3113723534625,629.160966956988,0.0
bert_manual_script,sequential,numactl,true,default,1,1,7,64,440.27962896507233,449.86105334595777,540.7939829747193,0.0
bert_manual_script,sequential,numactl,true,default,1,1,8,64,408.057569002267,416.2038006033981,477.9317680513486,0.0
bert_manual_script,sequential,numactl,true,default,1,1,9,64,357.7391079743393,361.8713733286131,433.6106699774973,0.0
bert_manual_script,sequential,numactl,true,default,1,1,10,64,345.82142799627036,355.128680318594,412.1360879507847,0.0
bert_manual_script,sequential,numactl,true,default,1,1,11,64,318.8748770044185,326.2848215410486,371.9131620018743,0.0
bert_manual_script,sequential,numactl,true,default,1,1,12,64,293.2970089605078,299.1062150069047,343.8729970366694,0.0
bert_manual_script,sequential,numactl,true,default,1,1,13,64,281.8787419819273,287.98493915761355,348.53849397040904,0.0
bert_manual_script,sequential,numactl,true,default,1,1,14,64,256.2743480084464,263.69048360094894,303.5331610008143,0.0
bert_manual_script,sequential,numactl,true,default,1,1,15,64,249.06257999828085,259.8998305184068,313.5665309964679,0.0
bert_manual_script,sequential,numactl,true,default,1,1,16,64,247.99552198965102,254.41339432960376,305.72527297772467,0.0
bert_manual_script,sequential,numactl,true,default,1,1,17,64,244.3387439707294,246.87773594050668,298.56993904104456,0.0
bert_manual_script,sequential,numactl,true,default,1,1,18,64,234.16702600661665,240.08340091095306,284.0734060155228,0.0
bert_manual_script,sequential,numactl,true,default,1,1,19,64,232.81736101489514,240.72631857939996,283.78468001028523,0.0
bert_manual_script,sequential,numactl,true,default,1,1,20,64,215.3243639622815,222.77509050501976,276.81024302728474,0.0
bert_manual_script,sequential,numactl,true,default,1,1,21,64,213.17678998457268,222.55316850845702,276.7824530019425,0.0
bert_manual_script,sequential,numactl,true,default,1,1,22,64,208.63087801262736,215.99560734990519,270.78980999067426,0.0
bert_manual_script,sequential,numactl,true,default,1,1,23,64,205.17105399630964,212.86749330873135,251.9089650013484,0.0
bert_manual_script,sequential,numactl,true,default,1,1,24,64,198.69321200530976,207.76248465059325,261.47441496141255,0.0
bert_manual_script,sequential,numactl,true,default,1,1,25,64,210.33682796405628,216.84131695190445,263.83611699566245,0.0
bert_manual_script,sequential,numactl,true,default,1,1,26,64,200.9588169748895,210.04871023760643,264.31773201329634,0.0
bert_manual_script,sequential,numactl,true,default,1,1,27,64,205.22194699151441,211.29134532704484,258.594112994615,0.0
bert_manual_script,sequential,numactl,true,default,1,1,28,64,192.21781002124771,196.14440992183518,244.925327016972,0.0
bert_manual_script,sequential,numactl,true,default,1,1,29,64,192.59455299470574,199.2838456586469,243.92823496600613,0.0
bert_manual_script,sequential,numactl,true,default,1,1,30,64,179.0991139714606,183.85040538269095,231.44921695347875,0.0
bert_manual_script,sequential,numactl,true,default,1,1,31,64,192.7831789944321,194.04779864125885,246.000301965978,0.0
bert_manual_script,sequential,numactl,true,default,1,1,32,64,172.18503903131932,179.72609030955937,233.6960899992846,0.0
bert_manual_script,sequential,numactl,true,default,1,1,1,128,2868.055784027092,2936.2244162743445,3644.0162049839273,0.0
bert_manual_script,sequential,numactl,true,default,1,1,2,128,2815.6796790426597,2862.1045749651967,3316.4672780549154,0.0
bert_manual_script,sequential,numactl,true,default,1,1,3,128,1873.1997850118205,1906.0037816764088,2197.128104045987,0.0
bert_manual_script,sequential,numactl,true,default,1,1,4,128,1436.3476089783944,1456.9755434192484,1701.7985199927352,0.0
bert_manual_script,sequential,numactl,true,default,1,1,5,128,1181.843693018891,1203.252053501783,1370.979189989157,0.0
bert_manual_script,sequential,numactl,true,default,1,1,6,128,977.3187009850517,999.2350581497885,1144.005577021744,0.0
bert_manual_script,sequential,numactl,true,default,1,1,7,128,836.8514180183411,850.2262735820841,999.7687349678017,0.0
bert_manual_script,sequential,numactl,true,default,1,1,8,128,749.7647299896926,763.8847069389885,904.7378730028868,0.0
bert_manual_script,sequential,numactl,true,default,1,1,9,128,663.8699499890208,671.0607736400561,799.3078739964403,0.0
bert_manual_script,sequential,numactl,true,default,1,1,10,128,613.800164021086,617.9548327281373,732.1055960492231,0.0
bert_manual_script,sequential,numactl,true,default,1,1,11,128,558.6913160514086,572.0963576697977,663.9407459879294,0.0
bert_manual_script,sequential,numactl,true,default,1,1,12,128,538.8253530254588,548.8826061284635,644.3571400013752,0.0
bert_manual_script,sequential,numactl,true,default,1,1,13,128,483.7871149647981,495.77773030032404,584.4543250277638,0.0
bert_manual_script,sequential,numactl,true,default,1,1,14,128,470.2837350196205,481.2781974329846,566.7031640186906,0.0
bert_manual_script,sequential,numactl,true,default,1,1,15,128,434.3148799962364,448.14779559033923,558.1807720009238,0.0
bert_manual_script,sequential,numactl,true,default,1,1,16,128,429.5112600084394,443.8999596325448,510.10495400987566,0.0
bert_manual_script,sequential,numactl,true,default,1,1,17,128,417.8919710102491,430.0116216664901,491.9400969520211,0.0
bert_manual_script,sequential,numactl,true,default,1,1,18,128,416.8460669461638,424.0466886467766,486.75616801483557,0.0
bert_manual_script,sequential,numactl,true,default,1,1,19,128,383.935455000028,394.26619554229546,463.0112419836223,0.0
bert_manual_script,sequential,numactl,true,default,1,1,20,128,383.3969730185345,394.09637472301256,469.59016897017136,0.0
bert_manual_script,sequential,numactl,true,default,1,1,21,128,357.7449000440538,368.52346872736234,474.0673179621808,0.0
bert_manual_script,sequential,numactl,true,default,1,1,22,128,362.3715640278533,374.87018561165314,466.20604797499254,0.0
bert_manual_script,sequential,numactl,true,default,1,1,23,128,351.02588700829074,358.59212319075596,430.27350900229067,0.0
bert_manual_script,sequential,numactl,true,default,1,1,24,128,355.91118602314964,365.56803756800946,429.9959000200033,0.0
bert_manual_script,sequential,numactl,true,default,1,1,25,128,351.70046001439914,358.1241673399927,432.08203703397885,0.0
bert_manual_script,sequential,numactl,true,default,1,1,26,128,348.8197569968179,358.8355291215703,436.8226730148308,0.0
bert_manual_script,sequential,numactl,true,default,1,1,27,128,333.6464409949258,343.1288477504859,418.5914979898371,0.0
bert_manual_script,sequential,numactl,true,default,1,1,28,128,322.54646701039746,333.4141739422921,400.3447759896517,0.0
bert_manual_script,sequential,numactl,true,default,1,1,29,128,321.94935000734404,332.64444717322476,392.1891740174033,0.0
bert_manual_script,sequential,numactl,true,default,1,1,30,128,303.85266296798363,312.8103105793707,383.33606300875545,0.0
bert_manual_script,sequential,numactl,true,default,1,1,31,128,310.2621299913153,317.7429233229486,383.17634200211614,0.0
bert_manual_script,sequential,numactl,true,default,1,1,32,128,296.40486201969907,307.13407640869264,374.4936999864876,0.0
bert_manual_script,sequential,numactl,true,default,1,1,1,256,5553.2051650225185,5746.149244561093,7007.973929983564,0.0
bert_manual_script,sequential,numactl,true,default,1,1,2,256,5516.554056026507,5612.314642909914,6388.073870970402,0.0
bert_manual_script,sequential,numactl,true,default,1,1,3,256,3634.6773839904927,3743.8699942204403,4344.418261025567,0.0
bert_manual_script,sequential,numactl,true,default,1,1,4,256,2785.144458001014,2866.457624406903,3325.8596020168625,0.0
bert_manual_script,sequential,numactl,true,default,1,1,5,256,2270.3807539655827,2310.537459239713,2750.686348997988,0.0
bert_manual_script,sequential,numactl,true,default,1,1,6,256,1955.1128370221704,1996.014864675817,2375.5301049677655,0.0
bert_manual_script,sequential,numactl,true,default,1,1,7,256,1662.8622319549322,1756.8108184356242,3319.7206810000353,0.0
bert_manual_script,sequential,numactl,true,default,1,1,8,256,1477.2053129854612,1520.1127531036036,1782.0634929812513,0.0
bert_manual_script,sequential,numactl,true,default,1,1,9,256,1346.5535110444762,1380.902894976898,1646.839038003236,0.0
bert_manual_script,sequential,numactl,true,default,1,1,10,256,1223.4538560151123,1254.645461239852,1452.7969040209427,0.0
bert_manual_script,sequential,numactl,true,default,1,1,11,256,1089.4977920106612,1108.3322983892867,1343.4791369945742,0.0
bert_manual_script,sequential,numactl,true,default,1,1,12,256,1013.6582769919187,1037.992136030225,1256.1723759863526,0.0
bert_manual_script,sequential,numactl,true,default,1,1,13,256,938.0524169537239,963.7942269392079,1130.846339976415,0.0
bert_manual_script,sequential,numactl,true,default,1,1,14,256,888.1194120040163,909.58666290564,1102.0828479668126,0.0
bert_manual_script,sequential,numactl,true,default,1,1,15,256,845.7150519825518,865.7812201214256,1046.6673210030422,0.0
bert_manual_script,sequential,numactl,true,default,1,1,16,256,796.0341530269943,821.4540689747082,962.3383000143804,0.0
bert_manual_script,sequential,numactl,true,default,1,1,17,256,799.1181170218624,822.9181257385062,966.162547993008,0.0
bert_manual_script,sequential,numactl,true,default,1,1,18,256,763.3138820528984,780.1212660904275,950.9252030402422,0.0
bert_manual_script,sequential,numactl,true,default,1,1,19,256,718.3856799965724,740.9799986815779,872.0441079931334,0.0
bert_manual_script,sequential,numactl,true,default,1,1,20,256,705.1504949922673,725.9594427025877,885.357853025198,0.0
bert_manual_script,sequential,numactl,true,default,1,1,21,256,678.5125939641148,699.1679062799085,837.9806880257092,0.0
bert_manual_script,sequential,numactl,true,default,1,1,22,256,682.1425449452363,707.7338830992812,898.3237909851596,0.0
bert_manual_script,sequential,numactl,true,default,1,1,23,256,638.2493459968828,660.3226911684033,810.1159579819068,0.0
bert_manual_script,sequential,numactl,true,default,1,1,24,256,650.4399380064569,668.1609154376201,814.9508020142093,0.0
bert_manual_script,sequential,numactl,true,default,1,1,25,256,632.3374769999646,649.4809592567617,805.8304829755798,0.0
bert_manual_script,sequential,numactl,true,default,1,1,26,256,645.6823279731907,659.3336922989693,822.7210670011118,0.0
bert_manual_script,sequential,numactl,true,default,1,1,27,256,600.2178159542382,614.806430102326,772.7743109571747,0.0
bert_manual_script,sequential,numactl,true,default,1,1,28,256,604.5490149990655,622.0705152204027,777.8577560093254,0.0
bert_manual_script,sequential,numactl,true,default,1,1,29,256,580.3658030345105,598.9030196488602,749.6375259943306,0.0
bert_manual_script,sequential,numactl,true,default,1,1,30,256,581.4974299864843,594.1774204891408,758.9198169880547,0.0
bert_manual_script,sequential,numactl,true,default,1,1,31,256,548.7115069990978,568.628213306074,697.9236180195585,0.0
bert_manual_script,sequential,numactl,true,default,1,1,32,256,548.9618600113317,563.8936452823691,713.1370180286467,0.0
bert_manual_script,sequential,numactl,true,default,1,1,1,512,11085.68144601304,11377.259283332969,13964.546881965362,0.0
bert_manual_script,sequential,numactl,true,default,1,1,2,512,10941.395994042978,11111.004585248884,13095.851636957377,0.0
bert_manual_script,sequential,numactl,true,default,1,1,3,512,7119.137400994077,7263.612342871493,8630.832852097228,0.0
bert_manual_script,sequential,numactl,true,default,1,1,4,512,5485.288664000109,5580.896514394553,6658.017933019437,0.0
bert_manual_script,sequential,numactl,true,default,1,1,5,512,4435.342354001477,4500.193784439471,5397.64425100293,0.0
bert_manual_script,sequential,numactl,true,default,1,1,6,512,3783.164367894642,3863.534982713172,4587.888308917172,0.0
bert_manual_script,sequential,numactl,true,default,1,1,7,512,3239.8728729458526,3313.1293050548993,3953.444321989082,0.0
bert_manual_script,sequential,numactl,true,default,1,1,8,512,2890.688868938014,2946.0061536740977,3531.012765946798,0.0
bert_manual_script,sequential,numactl,true,default,1,1,9,512,2565.98844693508,2619.211134868674,3133.536746026948,0.0
bert_manual_script,sequential,numactl,true,default,1,1,10,512,2367.7151579177007,2422.0648755296133,2882.758043007925,0.0
bert_manual_script,sequential,numactl,true,default,1,1,11,512,2160.1041019894183,2207.934443021659,2650.680686929263,0.0
bert_manual_script,sequential,numactl,true,default,1,1,12,512,2022.3119499860331,2064.1356382973026,2466.4112569298595,0.0
bert_manual_script,sequential,numactl,true,default,1,1,13,512,1872.7661650627851,1916.419712966308,2291.2768599344417,0.0
bert_manual_script,sequential,numactl,true,default,1,1,14,512,1781.309877987951,1819.100823822664,2188.0533900111914,0.0
bert_manual_script,sequential,numactl,true,default,1,1,15,512,1680.7317240163684,1718.4843528456986,2056.396684027277,0.0
bert_manual_script,sequential,numactl,true,default,1,1,16,512,1607.5897039845586,1642.0184102794155,1967.1641379827634,0.0
bert_manual_script,sequential,numactl,true,default,1,1,17,512,1608.2263269927353,1636.0967162274756,1970.3078879974782,0.0
bert_manual_script,sequential,numactl,true,default,1,1,18,512,1555.1207370590419,1600.500144022517,1897.8041880764067,0.0
bert_manual_script,sequential,numactl,true,default,1,1,19,512,1498.8385380711406,1528.268508829642,1838.359441026114,0.0
bert_manual_script,sequential,numactl,true,default,1,1,20,512,1449.417060939595,1485.8872907387558,1842.358328984119,0.0
bert_manual_script,sequential,numactl,true,default,1,1,21,512,1430.2254499634728,1468.8385779736564,1748.1959590222687,0.0
bert_manual_script,sequential,numactl,true,default,1,1,22,512,1308.3295519463718,1336.23414392001,1620.5729469656944,0.0
bert_manual_script,sequential,numactl,true,default,1,1,23,512,1265.7366880448535,1302.3225288046524,1591.0641670925543,0.0
bert_manual_script,sequential,numactl,true,default,1,1,24,512,1232.1480649989098,1248.3289504796267,1524.0261199651286,0.0
bert_manual_script,sequential,numactl,true,default,1,1,25,512,1255.4218490840867,1290.9180489426944,1561.7039350327104,0.0
bert_manual_script,sequential,numactl,true,default,1,1,26,512,1227.911638095975,1266.427329533035,1544.9338600737974,0.0
bert_manual_script,sequential,numactl,true,default,1,1,27,512,1187.2798149706796,1216.2065002589952,1494.0741920145229,0.0
bert_manual_script,sequential,numactl,true,default,1,1,28,512,1191.658488009125,1222.6419083832297,1514.9242860497907,0.0
bert_manual_script,sequential,numactl,true,default,1,1,29,512,1159.3051588861272,1186.3100927544292,1457.5247940374538,0.0
bert_manual_script,sequential,numactl,true,default,1,1,30,512,1109.8654880188406,1141.9643984525464,1402.3311409400776,0.0
bert_manual_script,sequential,numactl,true,default,1,1,31,512,1094.200287014246,1124.5514219079632,1388.2550429552794,0.0
bert_manual_script,sequential,numactl,true,default,1,1,32,512,1066.3462179945782,1103.4810839337297,1364.5171669777483,0.0
bert_manual_script,sequential,numactl,true,default,1,1,1,1024,27246.546030044556,27598.10350550688,28409.505845047534,0.0
bert_manual_script,sequential,numactl,true,default,1,1,2,1024,25919.315535924397,26348.868143057916,26801.951795001514,0.0
bert_manual_script,sequential,numactl,true,default,1,1,3,1024,16589.10158695653,16880.532738133334,17167.39365295507,0.0
bert_manual_script,sequential,numactl,true,default,1,1,4,1024,13315.833732951432,13399.260786859086,13817.609178950079,0.0
bert_manual_script,sequential,numactl,true,default,1,1,5,1024,10690.446723951027,10783.78896062728,11106.063683982939,0.0
bert_manual_script,sequential,numactl,true,default,1,1,6,1024,9170.046078041196,9358.815360582666,9500.566425966099,0.0
bert_manual_script,sequential,numactl,true,default,1,1,7,1024,7745.30671199318,7880.265158899128,8287.81979996711,0.0
bert_manual_script,sequential,numactl,true,default,1,1,8,1024,7012.201101053506,7105.842317743227,7318.31248709932,0.0
bert_manual_script,sequential,numactl,true,default,1,1,9,1024,6289.621033938602,6412.399700373644,6554.991664947011,0.0
bert_manual_script,sequential,numactl,true,default,1,1,10,1024,5819.773252005689,5872.7632705599535,6060.570455971174,0.0
bert_manual_script,sequential,numactl,true,default,1,1,11,1024,5193.796394043602,5321.152149370173,5533.51322398521,0.0
bert_manual_script,sequential,numactl,true,default,1,1,12,1024,4970.84150207229,5080.398302222602,5207.148680929095,0.0
bert_manual_script,sequential,numactl,true,default,1,1,13,1024,4616.832857020199,4713.757757938001,4851.060230983421,0.0
bert_manual_script,sequential,numactl,true,default,1,1,14,1024,4376.094122068025,4449.437845520442,4593.434806913137,0.0
bert_manual_script,sequential,numactl,true,default,1,1,15,1024,4161.172703024931,4241.546468017623,4348.18205202464,0.0
bert_manual_script,sequential,numactl,true,default,1,1,16,1024,4017.490023979917,4080.057294517755,4171.535964938812,0.0
bert_manual_script,sequential,numactl,true,default,1,1,17,1024,3945.797476102598,4032.2178476792765,4223.101633950137,0.0
bert_manual_script,sequential,numactl,true,default,1,1,18,1024,3873.9693829556927,3935.667490642518,4025.103634921834,0.0
bert_manual_script,sequential,numactl,true,default,1,1,19,1024,3698.6340950243175,3767.6028781489003,3858.013957971707,0.0
bert_manual_script,sequential,numactl,true,default,1,1,20,1024,3586.68771001976,3646.0358996875584,3761.671214015223,0.0
bert_manual_script,sequential,numactl,true,default,1,1,21,1024,3489.664382999763,3575.095610069111,3672.372553963214,0.0
bert_manual_script,sequential,numactl,true,default,1,1,22,1024,3383.077336009592,3451.47490808391,3561.382272047922,0.0
bert_manual_script,sequential,numactl,true,default,1,1,23,1024,3303.1906459946185,3363.880443990929,3463.620521943085,0.0
bert_manual_script,sequential,numactl,true,default,1,1,24,1024,3257.758134044707,3308.2093706261367,3435.722570051439,0.0
bert_manual_script,sequential,numactl,true,default,1,1,25,1024,3286.1035149544477,3339.420404776465,3438.204245059751,0.0
bert_manual_script,sequential,numactl,true,default,1,1,26,1024,3262.126258923672,3329.3281574582215,3419.849728932604,0.0
bert_manual_script,sequential,numactl,true,default,1,1,27,1024,3060.0823940476403,3172.3988040722907,3344.607240986079,0.0
bert_manual_script,sequential,numactl,true,default,1,1,28,1024,3140.720127034001,3253.9582293247804,3319.217708078213,0.0
bert_manual_script,sequential,numactl,true,default,1,1,29,1024,3084.968435927294,3170.305279366439,3334.9959469633177,0.0
bert_manual_script,sequential,numactl,true,default,1,1,30,1024,3040.0887050200254,3085.624483830761,3205.5504199815914,0.0
bert_manual_script,sequential,numactl,true,default,1,1,31,1024,3034.8329410189763,3119.9908203992527,3203.187388018705,0.0
bert_manual_script,sequential,numactl,true,default,1,1,32,1024,3007.1272500790656,3063.852721665753,3154.7882390441373,0.0
